,Prediction
0,e
1,e
2,e
3,e
4,e
5,e
6,e
7,e
8,e
9,e
10,e
11,e
12,e
13,e
14,e
15,e
16,e
17,e
18,e
19,e
20,e
21,e
22,e
23,e
24,e
25,e
26,e
27,e
28,e
29,e
30,e
31,e
32,e
33,e
34,e
35,e
36,e
37,e
38,e
39,e
40,e
41,e
42,e
43,e
44,e
45,e
46,e
47,e
48,e
49,e
50,e
51,e
52,e
53,e
54,e
55,e
56,e
57,e
58,e
59,e
60,e
61,e
62,e
63,e
64,e
65,e
66,e
67,e
68,e
69,e
70,e
71,e
72,p
73,e
74,p
75,e
76,p
77,e
78,e
79,e
80,p
81,e
82,e
83,p
84,e
85,e
86,e
87,e
88,e
89,e
90,e
91,e
92,e
93,e
94,p
95,p
96,p
97,p
98,p
99,e
100,p
101,p
102,e
103,e
104,e
105,e
106,e
107,p
108,p
109,p
110,p
111,p
112,p
113,e
114,p
115,e
116,e
117,p
118,p
119,p
120,p
121,e
122,e
123,e
124,e
125,e
126,e
127,e
128,e
129,e
130,e
131,e
132,e
133,e
134,e
135,p
136,p
137,p
138,p
139,p
140,p
141,p
142,p
143,p
144,p
145,p
146,p
147,p
148,p
149,p
150,e
151,e
152,e
153,e
154,e
155,e
156,e
157,e
158,e
159,e
160,p
161,p
162,p
163,p
164,e
165,e
166,e
167,e
168,p
169,p
170,p
171,e
172,p
173,p
174,p
175,e
176,e
177,e
178,e
179,e
180,e
181,e
182,e
183,e
184,e
185,e
186,e
187,e
188,e
189,e
190,e
191,e
192,e
193,e
194,e
195,e
196,e
197,e
198,e
199,e
200,e
201,e
202,e
203,e
204,e
205,e
206,e
207,e
208,e
209,e
210,e
211,e
212,e
213,e
214,e
215,e
216,e
217,e
218,e
219,e
220,e
221,e
222,e
223,e
224,e
225,e
226,e
227,e
228,e
229,e
230,e
231,e
232,e
233,e
234,e
235,e
236,e
237,e
238,p
239,p
240,e
241,p
242,p
243,e
244,e
245,e
246,e
247,p
248,e
249,p
250,e
251,e
252,p
253,e
254,e
255,e
256,p
257,e
258,p
259,e
260,p
261,e
262,p
263,e
264,e
265,p
266,p
267,p
268,e
269,p
270,e
271,p
272,e
273,e
274,e
275,p
276,e
277,e
278,e
279,e
280,p
281,e
282,e
283,p
284,e
285,e
286,p
287,e
288,p
289,e
290,e
291,e
292,e
293,e
294,e
295,e
296,e
297,e
298,e
299,e
300,e
301,e
302,e
303,e
304,e
305,e
306,e
307,e
308,e
309,e
310,e
311,e
312,e
313,e
314,e
315,e
316,e
317,e
318,e
319,e
320,e
321,e
322,e
323,e
324,e
325,e
326,e
327,e
328,p
329,p
330,p
331,p
332,p
333,p
334,e
335,e
336,p
337,e
338,e
339,p
340,e
341,p
342,p
343,p
344,e
345,p
346,e
347,p
348,p
349,p
350,e
351,p
352,p
353,p
354,p
355,e
356,p
357,e
358,p
359,p
360,p
361,p
362,e
363,e
364,p
365,p
366,e
367,e
368,e
369,e
370,e
371,e
372,e
373,e
374,e
375,e
376,e
377,e
378,e
379,e
380,e
381,e
382,e
383,e
384,e
385,e
386,e
387,e
388,e
389,e
390,e
391,e
392,e
393,e
394,e
395,e
396,e
397,e
398,e
399,e
400,e
401,e
402,e
403,e
404,e
405,e
406,p
407,e
408,e
409,e
410,e
411,p
412,e
413,e
414,e
415,e
416,e
417,e
418,e
419,e
420,e
421,e
422,e
423,p
424,p
425,p
426,e
427,p
428,p
429,e
430,e
431,e
432,e
433,e
434,e
435,e
436,p
437,e
438,e
439,e
440,e
441,e
442,e
443,e
444,e
445,e
446,e
447,e
448,e
449,e
450,e
451,e
452,e
453,e
454,e
455,e
456,e
457,e
458,e
459,e
460,e
461,e
462,e
463,e
464,e
465,e
466,e
467,e
468,e
469,e
470,e
471,e
472,e
473,e
474,p
475,p
476,e
477,p
478,p
479,p
480,e
481,p
482,p
483,p
484,e
485,p
486,p
487,e
488,p
489,e
490,p
491,e
492,p
493,p
494,e
495,p
496,p
497,e
498,p
499,p
500,p
501,p
502,p
503,e
504,p
505,p
506,e
507,p
508,p
509,e
510,e
511,e
512,p
513,e
514,p
515,p
516,p
517,e
518,p
519,p
520,e
521,p
522,e
523,e
524,e
525,e
526,p
527,e
528,p
529,p
530,e
531,e
532,e
533,e
534,e
535,e
536,e
537,e
538,e
539,e
540,e
541,e
542,e
543,e
544,e
545,e
546,e
547,e
548,e
549,e
550,e
551,e
552,e
553,e
554,e
555,e
556,e
557,e
558,e
559,e
560,e
561,e
562,e
563,e
564,e
565,e
566,e
567,e
568,e
569,p
570,e
571,e
572,p
573,e
574,p
575,e
576,e
577,p
578,e
579,e
580,e
581,p
582,e
583,e
584,p
585,p
586,e
587,e
588,p
589,e
590,e
591,e
592,p
593,p
594,p
595,e
596,p
597,p
598,p
599,p
600,p
601,p
602,e
603,p
604,e
605,e
606,e
607,e
608,p
609,e
610,e
611,e
612,e
613,e
614,e
615,e
616,e
617,e
618,p
619,e
620,p
621,p
622,e
623,e
624,e
